entity,School Name,Website,Location,School Model,Grades/Ages Served,Estimated Size,Tuition/Schedule,Social Media,Reputation/Reviews,What They Do Well,Possible Gaps/Pain Points,Software Fit Reason,Priority Score,Confidence,Sources
"AHB Community School, Austin TX",AHB Community School,[AHB Community School](https://www.ahbcs.org),"1509 Dartmouth Ave, Austin, TX 78757 (Hyde Park neighborhood)","Private, non-religious micro school / progressive, project-based school",Kindergarten through 8th grade,"About 80–100 students total; sources cite 80–90 annually admitted and roughly 100 enrolled, with about 9–11 students per class","About $13,900/year; core schedule is Mon–Thu 9:00am–2:30pm, with optional before/after care and an optional Friday Extension (about $2,300)","['[Facebook](https://www.facebook.com/AHBSchool/)', '[Instagram](https://www.instagram.com/ahbcs/)']","Overall reputation appears strong. Facebook shows 92% recommendation from 8 reviews, and review sites plus parent comments consistently praise the warm community, project-based learning, small classes, and student happiness. Some third-party reviews mention limited sports/extracurriculars and modest diversity, but there are no obvious major red flags.","['Clear project-based, progressive model with strong family/community culture', 'Small classes and low student-teacher ratio', 'Flexible condensed schedule that appeals to homeschool-adjacent families', 'Accredited reporting, quarterly assessment reports, and parent-teacher conferences', 'Strong parent satisfaction and student engagement signals']","['Likely relies on a lot of family communication and coordination because of the condensed schedule and optional Friday extension', 'Outdated-looking WordPress-style website/pages and older content structure may indicate limited digital operations maturity', 'Admissions/tours appear manually managed through website contact/tour flow rather than a modern enrollment funnel', 'Community-heavy model may require frequent newsletters, calendar coordination, and class updates that can become fragmented across channels', 'Limited scale and small staff may mean administrative bandwidth is tight', 'A “low-tech” classroom philosophy and home-school-style partnership may create tool sprawl if systems are not centralized']","AHB looks like a strong fit for microschool ops software because it combines small size, parent partnership, nontraditional reporting, optional care/Friday programs, and frequent class-level communication needs. A centralized platform could simplify enrollment, calendars, updates, teacher communication, and family engagement while supporting growth beyond the current small-school model.",4,"High on school identity, model, size, tuition, and schedule; medium on exact operational pain points because those are inferred from public signals rather than explicitly stated.","[AHB Community School official site](https://www.ahbcs.org), [AHB FAQ](https://www.ahbcs.org/faq/), [About AHB](https://www.ahbcs.org/about-ahb/), [AHB Facebook](https://www.facebook.com/AHBSchool/), [AHB Instagram](https://www.instagram.com/ahbcs/), [Private School Review profile](https://www.privateschoolreview.com/ahb-community-school-profile), [GreatSchools listing](https://www.greatschools.org/texas/austin/18793-AHB-Community-School/), [Niche profile](https://www.niche.com/k12/ahb-community-school-austin-tx/), [Yelp listing](https://www.yelp.com/biz/ahb-community-school-austin), [Trustindex reviews](https://www.trustindex.io/reviews/www.ahbcs.org)"
"Austin Micro School, Austin TX",Austin Micro School,[Austin Micro School](https://www.austinmicroschool.org),"13203 Gunsmith Dr, Manchaca, TX 78652; south of Austin, about 18 miles from downtown on a 3-acre campus.","Private microschool with a First Principles, Montessori-inspired, hands-on, project-based, mixed-age learning model; full-time and hybrid enrollment options.","Currently grades 1-9 per FAQs; main site highlights K-8/full-time K-8 and K-5 / 6-8 communities, with possible Kinder expansion and future high school growth.","Small by design; exact enrollment not published. Evidence points to intentionally small class sizes, rolling admissions, and a student-to-teacher ratio not exceeding 12:1.","Full-time: $500/week or $18,000/year, Monday-Friday, 8:15am-3:15pm. Hybrid: as low as $139/week or $5,000/year for 1-3 days on campus. Payment plans and sibling discounts available; 30-day tryout offered.","['[Facebook](https://www.facebook.com/groups/TXHS101/posts/2170844220366317/)', '[YouTube](https://www.youtube.com/watch?v=FJlz13KIX3g)']","Direct third-party reviews were limited in the sources I found. Directory/reputation evidence includes listings on KidsOutAndAbout and Alt Ed Austin, plus broader microschool chatter in Austin community forums. No substantial public review volume surfaced during this pass, which may indicate a low-visibility but active small-school presence.","['Clear differentiated model with full-time and hybrid options', 'Strong emphasis on personalized learning, mastery, and leadership development', 'Uses diagnostics, portfolios, presentations, and milestone tracking instead of grades-only thinking', 'Mixed-age classrooms and hands-on learning aligned to microschool families', 'Transparent tuition, schedule, and tour-driven admissions flow']","['Website wording suggests a lot of manual admissions/tour coordination rather than streamlined online enrollment', 'No obvious public parent portal, automated communication stack, or published operational software usage', 'Public reviews and third-party reputation evidence appear sparse', 'Program details are spread across multiple pages, suggesting information fragmentation', 'Hybrid/full-time offerings and age-band growth may increase admin complexity as the school scales']","Austin Micro School looks like a strong fit for microschool operations software because it already offers hybrid and full-time pathways, manages personalized learning, and uses layered assessments and family touchpoints that usually become cumbersome as enrollment grows. A platform for parent communication, enrollment, schedules, class coordination, teacher support, updates, and growth management could reduce manual coordination and help standardize operations while preserving its personalized model.",4,"Medium-High. Official site details are strong, but student count and third-party review coverage are limited.","[Austin Micro School home](https://www.austinmicroschool.org), [Austin Micro School programs](https://www.austinmicroschool.org/programs), [Austin Micro School mission](https://www.austinmicroschool.org/our-mission), [Austin Micro School FAQs](https://www.austinmicroschool.org/faqs), [Alt Ed Austin directory listing](https://www.altedaustin.com/alternative-school-directory/austin-micro-school), [KidsOutAndAbout listing](https://austin.kidsoutandabout.com/content/austin-micro-school)"
"Inspired Learning Academy, Allen TX",Inspired Learning Academy,[Inspired Learning Academy](https://www.inspiredlearningacademy.org),"601 S. Greenville Ave., Allen, TX 75002",Private microschool / hybrid learning program / homeschool umbrella school with self-directed learning and mentorship,Grades 6–12 on the official site; some directory listings also mention 5th–12th grade,About 22 students (Private School Review) with 5 teachers and a 4:1 student-teacher ratio,"Approximately $8,470/year; rolling admissions. Hybrid schedule shown on website: on-campus Tuesday–Thursday, remote Monday and Friday, with school day roughly 9:15 AM–3:45 PM on remote days and 9:00 AM–3:45 PM on campus days.",['[Facebook](https://www.facebook.com/InspiredLearningAcademy/)'],"Public reputation looks generally positive but small in volume. Private School Review shows multiple 5-star parent reviews describing a warm, flexible, nurturing, individualized environment. GreatSchools lists 2 reviews and the school has a small public footprint. The school’s own site also cites parent/student survey gains in confidence, motivation, and independence.","['Clear niche for students who do not fit traditional school', 'Strong emphasis on personalized learning and mentorship', 'Small classes and low student-teacher ratio', 'Flexible hybrid schedule that can appeal to homeschool and nontraditional families', 'Visible parent testimonials and community-oriented messaging']","['Website and public presence suggest a very small operation that may rely heavily on manual communication and scheduling', 'Enrollment appears consultative/fit-check driven rather than self-serve, which can create friction as the school grows', 'Mixed age/grade references across sources (5th–12th vs. 6th–12th) suggest some messaging inconsistency', 'Limited social media footprint beyond Facebook', 'No obvious online portal, parent app, or modern operational tooling visible on the public site']","This looks like a strong fit for microschool operations software because the school is small, hybrid, parent-facing, and highly dependent on scheduling, communication, enrollment follow-up, class coordination, and progress tracking. The model likely benefits from a system that reduces manual admin work while supporting growth beyond the current small-enrollment stage.",4,Medium-high,"[Inspired Learning Academy official website](https://www.inspiredlearningacademy.org), [How Our Hybrid Microschool Works](https://www.inspiredlearningacademy.org/how-it-works), [Contact page](https://www.inspiredlearningacademy.org/contact), [Inspired Learning Academy on Facebook](https://www.facebook.com/InspiredLearningAcademy/), [Private School Review profile](https://www.privateschoolreview.com/inspired-learning-academy-profile), [GreatSchools listing](https://www.greatschools.org/texas/mckinney/25270-Inspired-Learning-Academy/), [HAR school listing](https://www.har.com/school/48239/inspired-learning-academy), [Plano Moms directory](https://planomoms.com/directory-listing/inspired-learning-academy/), [Self-directed.org resource](https://www.self-directed.org/resource/inspired-learning-academy-and-homeschool-center/)"
"ESTEAM Academy Round Rock, Round Rock TX",ESTEAM Academy Round Rock,[ESTEAM Academy](https://esteamacademyrr.com),"12a Lake Drive, Round Rock, TX 78665","Acton Academy affiliate; learner-driven microschool with self-paced, mastery-based, mixed-age, project-based learning, guides instead of traditional teachers, and student self-governance.","Ages 4 (PreK) through 18 (HS); no traditional grade levels. Current programs are grouped as Discovery (4-8), Explorers (7-12), and Pathfinders (11-16).",About 54-55 students per third-party directory/news coverage; max facility capacity reported as 70.,"Programs listed on the official site include 5-day full-time at $13,700/year, 4-day at $12,000/year, 3-day at $10,510/year, 2-day at $8,510/year, 1-day enrichment at $4,510/year, and remote learners at $7,500/year. Core school hours are generally 9 AM–4 PM, with schedules ranging from Monday–Friday to part-time hybrid options.","['[LinkedIn](https://www.linkedin.com/company/e-s-t-e-a-m-academy)', '[Instagram / CBF](https://www.instagram.com/esteam_academy_cbf)', '[Facebook / CBF](https://www.facebook.com/esteamacademycbf)']","The school’s own testimonials are strongly positive, highlighting individualized support, confidence-building, and a close community. External reputation evidence is limited but mostly favorable: Community Impact lists the school in its private-school guides, Alt Ed Austin describes a functioning microschool with rolling admissions and 54 students, and Yelp shows only two reviews with one mentioning a website connection glitch but a good overall experience.","['Clear learner-driven philosophy that appeals to families seeking alternatives to traditional schooling', 'Defined enrollment funnel with tours, interviews, trial week, and onboarding', 'Multiple schedule and tuition options for full-time, part-time, hybrid, and remote learners', 'Strong emphasis on parent partnership, accountability, and community', 'Small size and mixed-age studios support individualized attention']","['Website and online presence look somewhat fragmented across domains and related brands (academy vs. learning labs vs. children’s business fair)', 'Enrollment and onboarding appear manual and document-heavy, with forms, contracts, badges, and trial steps', 'Communication may rely on email/website rather than a unified parent portal', 'Small-school operations likely require managing mixed-age groups, flexible schedules, and individualized progress tracking manually', 'Limited public review volume makes reputation harder to verify at scale', 'Website content and structure feel a bit dated and duplicated across pages']","ESTEAM appears to be a strong fit for microschool operations software because it runs a small, high-touch, mixed-age program with flexible schedules, parent onboarding, attendance/tuition workflows, progress tracking, and ongoing family communication needs. A platform that centralizes enrollment, messaging, calendars, class management, teacher support, and student records would likely reduce manual admin burden as the school continues to grow.",4,Medium-high,"[Official site](https://esteamacademyrr.com), [FAQ](https://esteamacademyrr.com/faq/), [Programs](https://esteamacademyrr.com/programs/), [Apply Now](https://esteamacademyrr.com/apply-now/), [Contact](https://esteamacademyrr.com/contact/), [Testimonials](https://esteamacademyrr.com/testimonials/), [Community Impact 2025](https://communityimpact.com/austin/round-rock/education/2025/02/10/check-out-over-20-private-charter-schools-in-round-rock-area/), [Community Impact 2026](https://communityimpact.com/austin/round-rock/education/2026/02/19/a-guide-to-private-and-charter-schools-in-round-rock-pflugerville-hutto/), [Alt Ed Austin](https://www.altedaustin.com/alternative-school-directory/esteam-academy), [LinkedIn company page](https://www.linkedin.com/company/e-s-t-e-a-m-academy), [Yelp](https://www.yelp.com/biz/esteam-learning-labs-round-rock), [ESTEAM Learning Labs Round Rock](https://esteamlearninglabs.com/summer-camp-registration/round-rock/esteam-academy-round-rock-tx/), [Children's Business Fair](https://www.childrensbusinessfair.org/roundrock)"
"Apogee Dripping Springs, Dripping Springs TX",Apogee Dripping Springs,[Apogee Dripping Springs](https://www.apogeedrippingsprings.com),"26650 Ranch Road 12, Dripping Springs, TX; located inside Dripping Springs Presbyterian Church ([Community Impact](https://communityimpact.com/austin/southwest-austin-dripping-springs/education/2024/08/19/apogee-dripping-springs-celebrates-opening-with-ribbon-cutting-ceremony/))","Micro high school / mixed-age project-based learning environment focused on life skills, character development, career prep, and community-based learning ([Apogee Dripping Springs](https://www.apogeedrippingsprings.com), [Student Experience](https://www.apogeedrippingsprings.com/program))","High schoolers, specifically grades 9-12 ([Community Impact](https://communityimpact.com/austin/southwest-austin-dripping-springs/education/2024/08/19/apogee-dripping-springs-celebrates-opening-with-ribbon-cutting-ceremony/), [Student Experience](https://www.apogeedrippingsprings.com/program))","Opened with 3 students in 2024; later reported at 14 full-time students plus 9 homeschoolers in Toastmasters, and then 9 full-time + 4 part-time students before closure was announced ([Cato](https://www.cato.org/blog/friday-feature-apogee-dripping-springs), [Hays Free Press](https://www.haysfreepress.com/article/26203,apogee-dripping-springs-to-close-after-this-year-s-graduating-class))","Full-time Monday-Friday program; example day runs roughly 8:30 AM to 3:30 PM with Toastmasters for Teens on Mondays, CrossFit on Mon/Wed, and BJJ on Tue/Thu. Tuition was not publicly listed on the official site pages reviewed ([Student Experience](https://www.apogeedrippingsprings.com/program), [Cato](https://www.cato.org/blog/friday-feature-apogee-dripping-springs))","['[Instagram](https://www.instagram.com/apogee_dripping_springs/)', '[Facebook](https://www.facebook.com/ApogeeDrippingSprings)', '[LinkedIn - Sarah Pevehouse](https://www.linkedin.com/in/sarah-pevehouse/)', '[YouTube interview / channel mention](https://www.youtube.com/watch?v=UBFaATRIAI4)']","Public reputation appears positive but limited in volume. KaiPod lists 5 testimonials/reviews, including parent and student praise; a Reddit post noted difficulty finding independent reviews. A 2026 Hays Free Press article also cited family letters describing strong confidence-building and hands-on learning outcomes ([KaiPod](https://www.kaipodlearning.com/microschools-near-me/apogee-dripping-springs/), [Reddit](https://www.reddit.com/r/Homeschooling/comments/1kbyoal/apogee_strong/), [Hays Free Press](https://www.haysfreepress.com/article/26203,apogee-dripping-springs-to-close-after-this-year-s-graduating-class))","['Highly personalized, small-community experience', 'Strong emphasis on life skills, character development, and confidence', 'Community-as-classroom model with guest speakers, field trips, and local mentors', 'Hands-on experiential learning plus physical movement and wellness', 'Flexible schedule with mixed-age project-based learning']","['Very small operating footprint, which can create manual admin load', 'Enrollment volatility and waitlist management', 'Operating from a leased church room created space insecurity and eventual closure pressure', 'Public information is fragmented across website, interview, directory, and press coverage', 'Tuition and admissions details are not clearly surfaced on the official website reviewed', 'Likely relies on ad hoc communications for families, enrichment, trips, and schedule changes']","This is a strong fit for microschool operations software because the model depends on parent communication, flexible scheduling, enrollment coordination, class/activity management, student updates, and growth workflows for a very small team running many moving parts. The school’s community-based, mixed-age, high-touch approach suggests value in centralizing calendars, messaging, attendance, and family communication before those processes become even harder to manage ([Apogee Dripping Springs](https://www.apogeedrippingsprings.com), [Student Experience](https://www.apogeedrippingsprings.com/program), [Hays Free Press](https://www.haysfreepress.com/article/26203,apogee-dripping-springs-to-close-after-this-year-s-graduating-class))",4,High,"[Official website](https://www.apogeedrippingsprings.com), [Student Experience](https://www.apogeedrippingsprings.com/program), [Our Story](https://www.apogeedrippingsprings.com/about), [Community Impact opening story](https://communityimpact.com/austin/southwest-austin-dripping-springs/education/2024/08/19/apogee-dripping-springs-celebrates-opening-with-ribbon-cutting-ceremony/), [Cato feature](https://www.cato.org/blog/friday-feature-apogee-dripping-springs), [Hays Free Press closure report](https://www.haysfreepress.com/article/26203,apogee-dripping-springs-to-close-after-this-year-s-graduating-class), [KaiPod directory/reviews](https://www.kaipodlearning.com/microschools-near-me/apogee-dripping-springs/), [YouTube interview mentioning social profiles](https://www.youtube.com/watch?v=UBFaATRIAI4), [Reddit discussion on reviews](https://www.reddit.com/r/Homeschooling/comments/1kbyoal/apogee_strong/)"
"Nature's Schoolhouse Microschool, Cedar Park TX",Nature's Schoolhouse Microschool,[Nature's Schoolhouse Microschool](https://www.naturesschoolhouse.com),"2001 West New Hope Drive, Cedar Park, TX 78613; operates at Rockbridge Church on a 10+ acre campus","Secular, nature-based, progressive/constructivist microschool with a hybrid homeschool feel; drop-off program plus enrichment and teen learning lounge",PK–6 core program; ages 4–12 for Discovery Days enrichment; grades 7–12 for Teen Learning Lounge,"Small microschool; third-party directory and prior local coverage suggest about 15–20 students in the core program, with Mondays larger due to enrichment ([Alt Ed Austin](https://teri-sperry-3y4a.squarespace.com/alternative-school-directory/natures-schoolhouse-microschool), [Community Impact](https://communityimpact.com/austin/georgetown/education/2023/03/06/20-private-schools-in-the-cedar-park-leander-georgetown-area/))","Core program tuition is annual and can be paid in full, by semester, or in 11 monthly installments; the site notes a 3%-5% annual increase and offers need-based aid, a 5% paid-in-full discount, and a sibling discount. Schedule: Tue–Thu core academics 9:00 a.m.–2:00 p.m. with Fridays at home; Mondays Discovery Days 9:00 a.m.–3:30 p.m.; school year Sept–May with summer sessions ([Nature's Schoolhouse Tuition](https://www.naturesschoolhouse.com/tuition), [Nature's Schoolhouse Programs](https://www.naturesschoolhouse.com/about-our-programs))","['[Facebook feed on official site](https://www.naturesschoolhouse.com)', '[YouTube walkthrough](https://www.youtube.com/watch?v=yIhJu5hbfnc)']","Public feedback is generally very positive. The official site highlights parent praise, and Wonderschool shows multiple 5-star-style testimonials describing a caring community, strong academics, and children who are excited to attend. I did not find many independent third-party reviews specific to Cedar Park beyond local directory and community coverage, so reputation evidence is strong but somewhat self-reported ([Nature's Schoolhouse homepage](https://www.naturesschoolhouse.com), [Wonderschool](https://www.wonderschool.com/tx/cedar-park/natures-schoolhouse-microschool-8557))","['Clear nature-based niche and differentiated philosophy', 'Small, multi-age environment with individualized learning', 'Hybrid schedule that supports family flexibility', 'Strong outdoor programming and hands-on enrichment', 'Visible admissions funnel with interest form, tour, info call, interview, and Wonderschool enrollment flow']","['Website suggests a multi-step admissions process that may be partly manual or fragmented across interest form, info call, tour, application, interview, and invite flow', 'Tuition and program details are spread across multiple pages and third-party listings, which can create communication overhead', 'No obvious public parent portal or centralized operations hub is visible from the website', 'Mixed-age, multi-program structure (PK-6 core, enrichment, teens) likely increases scheduling and calendar complexity', 'Small-school growth could strain communication, enrollment, and class management if handled with spreadsheets or email']","This looks like a strong fit for microschool operations software because the school already runs multiple programs, a hybrid calendar, and a staged enrollment process while serving families who need clear communication, scheduling, updates, and flexible attendance management. Software could reduce manual coordination, keep parents aligned on schedules and tuition, and help the school scale beyond its current small size without adding administrative burden.",4,"High for core facts like model, schedule, tuition structure, and location; medium for exact enrollment size because that comes from third-party/local listings rather than the school itself.","[Official website](https://www.naturesschoolhouse.com), [About Our Programs](https://www.naturesschoolhouse.com/about-our-programs), [Tuition Rates & Fees](https://www.naturesschoolhouse.com/tuition), [Founder letter](https://www.naturesschoolhouse.com/meet-our-founder), [Wonderschool profile](https://www.wonderschool.com/tx/cedar-park/natures-schoolhouse-microschool-8557), [Alt Ed Austin directory](https://www.altedaustin.com/alternative-school-directory/natures-schoolhouse-microschool), [Community Impact listing](https://communityimpact.com/austin/georgetown/education/2023/03/06/20-private-schools-in-the-cedar-park-leander-georgetown-area/), [Official site testimonials](https://www.naturesschoolhouse.com), [YouTube walkthrough](https://www.youtube.com/watch?v=yIhJu5hbfnc)"
"The Woodlands Microschool, Conroe TX",The Woodlands Microschool,[The Woodlands Microschool](https://thewoodlandsmicroschool.com),"15479 Pin Oak Dr., Conroe, Texas 77384, United States","Accredited private microschool / hybrid private school offering elementary, junior high, high school, homeschool classes, tutoring, and credit recovery","Elementary through high school; the elementary/jr high page explicitly covers 4th–8th grade, and the site also markets high school programming",Not publicly stated; appears to be a small school with small classes and limited public review activity,"Four-day week with a four-hour day; Monday-Friday office hours 9:00am–3:00pm; tuition listed at $13,500/year including enrollment fee with 12-month payment plans available; 11-month payment plan also mentioned",['No official social profiles were confirmed in the searches performed'],"Public reputation evidence is limited. Yelp has a business listing for The Woodlands Microschool, but the quick search only surfaced a small review footprint rather than a substantial review corpus. The school presents itself as accredited and student-centered, but I did not find a large number of independent reviews in the time available.","['Personalized instruction in small classroom settings', 'Flexible hybrid scheduling with a short four-day week', 'Support for homeschooling families who want outside help', 'Credit recovery and fast-track high school options', 'Support for students with anxiety or students who need a smaller environment', 'Accommodation for athlete training schedules', 'Accredited private-school positioning']","['Admissions appear tour- and phone-driven rather than self-serve online', 'Website is relatively sparse and may not clearly explain enrollment steps, calendars, or parent communication tools', 'No obvious parent portal, app, or integrated communication system is visible on the site', 'Program details are spread across multiple pages, which can create fragmented information flow', 'Limited public reputation/review footprint may mean the school relies heavily on direct outreach and word of mouth', 'Manual scheduling across hybrid, tutoring, before/after support, and Friday support could create operational overhead']","This looks like a strong fit for microschool operations software because the school runs a hybrid, small-group model with multiple program types, flexible scheduling, and support offerings that likely require coordinated parent communication, enrollment tracking, class management, calendars, and student progress updates. Software would likely reduce manual coordination and help scale beyond a small enrollment base.",4,"Medium-high. Official website details are strong, but public size data, tuition breadth, social profiles, and independent reputation evidence are limited.","[Official website](https://thewoodlandsmicroschool.com), [Home page](https://thewoodlandsmicroschool.com), [Hybrid Private School page](https://thewoodlandsmicroschool.com/hybrid-private-school), [Elementary and Jr High page](https://thewoodlandsmicroschool.com/elementary-and-jr-high), [What We Offer page](https://thewoodlandsmicroschool.com/what-we-offer), [Yelp listing](https://www.yelp.com/biz/the-woodlands-microschool-shenandoah)"
"Mirus Academy, Katy TX",Mirus Academy,[Mirus Academy](https://www.mirus-academy.org),"5561 Third St, Katy, TX 77493, United States","Independent, secular private micro-school / college-prep high school",Grades 8-12; students must be at least 13 years old by Sept. 1,Typically around 25 students total; about 6 students per grade and average class size 7-8,"Tuition is listed on third-party sites around $13,500-$18,250/year; official site directs families to tuition/fees page. Schedule: Mon-Thu 9:00-1:30 class, 1:30-3:15 work period, doors open 7:45/early arrival; late pickup and after-school activities until 5:30; Fridays meet two Fridays/month, 9:00-1:30",['[Facebook](https://www.facebook.com/MirusAcademy/)'],"Online reputation appears generally positive. Niche shows a 4.67/5 rating from 15 reviews and describes the school as a supportive, small, college-prep environment; the school also emphasizes strong parent communication and close relationships. Public review volume is limited, and the social footprint looks light.","['Very small, personalized learning environment', 'College-prep academics in a low-stress setting', 'Flexible scheduling for teens, athletes, and creative students', 'Built-in work periods/study halls and dual credit options', 'Selective admissions and year-round enrollment when space is available']","['Very small staff/school size suggests limited operational bandwidth', 'Website appears content-light on some key decision details like pricing specifics', 'Likely relies on manual, relationship-based communication instead of a heavier system', 'No visible app-rich parent portal or enrollment workflow on the public site', 'Limited social media presence may make parent updates and marketing fragmented']","Mirus looks like a strong fit for microschool operations software because it is a tiny, parent-facing, highly customized private school with rolling admissions, trial days, flexible scheduling, and ongoing communication needs. A platform for enrollment, family communication, calendars, updates, class management, and growth support would likely reduce manual coordination as they continue operating around 25 students and potentially beyond.",4,High for school profile and operating model; medium for tuition and social/reputation details because some data comes from third-party sources.,"[Official website](https://www.mirus-academy.org), [FAQ](https://www.mirus-academy.org/faq), [Tuition & Fees](https://www.mirus-academy.org/tuition-fees), [Niche profile](https://www.niche.com/k12/mirus-academy-katy-tx/), [Niche reviews](https://www.niche.com/k12/mirus-academy-katy-tx/reviews/), [ProPublica Private School Demographics](https://projects.propublica.org/private-school-demographics/schools/mirus-academy-A1102216/), [Facebook](https://www.facebook.com/MirusAcademy/), [NCES private school search](https://nces.ed.gov/surveys/pss/privateschoolsearch/school_list.asp?Search=1&Zip=77494&Miles=10&ID=A0109364)"
"Katy Houston LIFE STEM Academy, Katy TX",Katy/Houston LIFE STEM Academy,[Learning Institute For Excellence – Katy/Houston LIFE STEM Academy](https://learningforexcellence.com/katyhomeschool/),"Katy/Houston, Texas (the academy page is branded for Katy/Houston; no street address was visible on the official page)",Two-day-per-week hybrid homeschool academy with online support and in-person classes,6th–12th grade,Likely very small; the official page lists an enrollment cap of 24 students,"Annual tuition is listed at $12,000. Sample in-person schedule is Tuesdays & Thursdays, 9:30 a.m.–3:30 p.m.; the page also shows 2025–2026 term dates and a rolling admissions model.","['[Facebook](https://www.facebook.com/lstemacademy)', '[Instagram](https://www.instagram.com/lstemacademia/)', '[LinkedIn](https://www.linkedin.com/company/life-stem-academy/)', '[YouTube](https://www.youtube.com/@lifestemacademy3782)']","I did not find a meaningful volume of third-party reviews specific to the Katy/Houston program. Reputation evidence is mostly self-published: the school presents detailed program videos and posts, but independent review coverage appears thin. That suggests limited public review footprint rather than strong negative feedback.","['Small, personalized hybrid setting with a stated cap of 24 students', 'Clear STEM emphasis plus dual-credit / college-credit pathways', 'Parent partnership and individualized academic plan review', 'Flexible hybrid structure for homeschool families', 'Visible commitment to scheduling, assessments, and academic tracking']","['No clear street address or full campus contact details surfaced on the official Katy/Houston page', 'Public-facing review footprint appears light, so reputation is hard to validate externally', 'Hybrid + individualized plans likely create manual coordination burdens for enrollment, attendance, calendars, and parent communication', 'Program details are spread across website and videos, suggesting fragmented information flow', 'Small team / small cohort likely means limited administrative bandwidth as enrollment grows']","This looks like a strong fit for microschool operations software because the model is small, parent-facing, schedule-heavy, and personalized. A platform that centralizes enrollment, communication, calendars, class management, student progress, and parent updates would likely reduce manual admin work and support growth beyond the current 24-student cap.",4,"Medium-high. Official program details are clear, but third-party reputation and exact location details are limited.","[Official Katy/Houston LIFE STEM Academy page](https://learningforexcellence.com/katyhomeschool/), [LIFE STEM Academy YouTube description with socials and website](https://www.youtube.com/watch?v=2zbE1XaeQ0U), [LIFE STEM Academy curriculum video](https://www.youtube.com/watch?v=Omz1lTUsERM), [LIFE STEM Academy overview video](https://www.youtube.com/watch?v=ru0Cx68O7og)"
"Brighter Futures Microschool, Arlington TX",Brighter Futures Microschool,https://www.brighterfuturesedtherapy.com,"Arlington, TX 76010","Microschool / part-time university model program with individualized educational therapy and small-group instruction for students with learning, language, and social differences.","Elementary students; KaiPod lists 1st through 6th grade, and the Facebook page says it supports elementary students. The broader Brighter Futures site also serves students with diverse needs.",Small; Facebook says students learn in small groups of 3–5 based on skill needs. No total enrollment found.,No public tuition found. CanvasRebel describes the learning center as a part-time university model program: students attend 3 days per week for 3 hours each day.,"['[Facebook](https://www.facebook.com/61586176337075)', '[Instagram](https://www.instagram.com/brighter_futures_microschool/)', '[LinkedIn profile for Brittany Lopez](https://www.linkedin.com/in/brittany-lopez-18973b21b)']",Public reputation evidence is limited. The microschool’s Facebook page is not yet rated and shows 0 reviews. Third-party profiles emphasize individualized support and a specialized niche for learning differences. No strong review volume was found for the microschool itself.,"['Individualized instruction for learning, language, and social differences', 'Small-group learning structure', 'Strong special-needs and educational-therapy positioning', 'Parent education / family support orientation', 'Evidence-based, community-centered brand message']","['No clear public tuition or enrollment details', 'Website appears lightweight, with limited page depth and basic navigation', 'Likely relies on manual parent communication and scheduling across therapy + microschool services', 'Small-group / part-time model may require frequent calendar, roster, and update coordination', 'No visible online review base or robust public credibility signals yet']","This looks like a strong fit for microschool operations software because the school appears small, parent-facing, and highly individualized, with likely needs around enrollment, communication, calendars, class grouping, teacher support, and progress updates. The software could reduce manual coordination as the school grows beyond a handful of students.",4,"Medium-high. Official and semi-official public information exists, but tuition, enrollment count, and operating details are sparse.","[Brighter Futures Educational Therapy](https://www.brighterfuturesedtherapy.com), [Brighter Futures Microschool - KaiPod Learning](https://www.kaipodlearning.com/microschools-near-me/brighter-futures-microschool/), [Brighter Futures Microschool Facebook](https://www.facebook.com/61586176337075), [CanvasRebel interview with Brittany Lopez](https://canvasrebel.com/meet-brittany-lopez/), [Voyage Dallas interview](https://voyagedallas.com/interview/meet-brittany-lopez-of-arlington/), [Brighter Futures Educational Therapy services page](https://www.brighterfuturesedtherapy.com/services-home-page)"
"Spyrja Academy of New Braunfels, New Braunfels TX",Spyrja Academy of New Braunfels,[Spyrja Academy of New Braunfels](https://sanewbraunfels.org),"816 West County Line Road, New Braunfels, TX 78130, United States","Private microschool / alternative school with blended, multimodal, individualized instruction","Public sources conflict slightly: official pages emphasize 9th–12th grade; the About page says 6th–12th grade, with middle school considered in some cases.","Small. Official site says only a few spots left; Cato reports an ideal size of 40 students, but no current enrollment number is published.","Tuition is not published on the site. Schedule options include five-day, four-day, three-day, and two-day programs; Fridays are used for community service, tutoring, and lab time.","['No clearly verified public Facebook or Instagram profile was found in the available sources.', 'No official X/Twitter profile was verified in the available sources.']","Public reputation evidence is limited. The school hosts testimonial-style reviews on its own site, and third-party references describe it as a tuition-based microschool. No robust independent review footprint was found in the sources reviewed.","['Flexible attendance models with multiple weekly schedules', 'Blended and individualized instruction', 'Built-in Friday support, labs, and community service', 'Career and trade-oriented pathways such as welding, electrical, and plumbing', 'Strong focus on master classes and community-based learning']","['Website does not publish tuition', 'No clear phone number or direct contact email on the contact page', 'Publicly visible social proof and independent review volume appears limited', 'Enrollment and operations seem highly manual and founder-led', 'Multiple location changes suggest facility instability', 'Potential need for better systems as the school grows beyond a small cohort']","Spyrja looks like a strong fit for microschool operations software because it uses flexible schedules, individualized learning paths, tutoring blocks, community activities, and likely needs better tools for parent communication, enrollment, class management, calendars, and student progress tracking as it scales.",4,"Medium-high. Official site and third-party coverage are consistent on model, location, and schedule, but tuition, current enrollment, and social profiles are not clearly published.","[Official site](https://sanewbraunfels.org), [Contact page](https://sanewbraunfels.org/contact-us), [About Us](https://sanewbraunfels.org/about-us-1), [Reviews page](https://sanewbraunfels.org/reviews), [Cato at Liberty](https://www.cato.org/blog/friday-feature-spyrja-academy), [Community Impact](https://communityimpact.com/austin/new-braunfels/business/2023/07/17/spyrja-academy-to-open-microschool-this-fall-in-new-braunfels/), [The Homeschool Mom](https://www.thehomeschoolmom.com/local/spyrja-academy-of-new-braunfels/), [GreatSchools listing](https://www.greatschools.org/texas/new-braunfels/27070-Spyrja-Academy-Of-New-Braunfels/)"
"Hill Country Micro-School, Kerrville TX",Hill Country Micro-School,[Hill Country Micro-School](https://www.hillcountrymicroschool.com),"Kerrville, Texas","Private microschool / small mixed-grade learning community with individualized curriculum and exploratory, creative instruction",Grades K-8,Not publicly stated on the website; appears to be a small microschool based on mixed-grade classrooms and microschool positioning,"Not publicly listed on the pages reviewed; tuition, schedule, and enrollment process were not found",[],"Public review volume is very limited. The school’s own site positions it as established in 2016 with a creative, individualized learning environment, but I did not find robust third-party reviews or active social profiles during this pass. Search results surfaced mostly unrelated Hill Country schools rather than clear, school-specific review pages.","['Individualized curriculum and student-centered instruction', 'Small mixed-grade classrooms', 'Broad enrichment offerings including art, French/Latin, yoga/martial arts, and Lego robotics', 'Clear emphasis on creativity, critical thinking, and exploratory learning']","['Tuition and schedule are not visible online', 'Enrollment details and contact info are not clearly published on the reviewed pages', 'Website appears light on operational information that parents may need quickly', 'No obvious parent communication, calendar, or enrollment automation visible', 'Limited public reputation footprint may make discovery and trust-building harder']","This looks like a strong fit for microschool operations software because the school is small, multi-age, and likely manages many parent-facing workflows manually. A platform for communication, calendars, enrollment, class updates, and growth management could reduce administrative friction and support scaling beyond the current K-8 structure.",4,Medium,"[Hill Country Micro-School home page](https://www.hillcountrymicroschool.com), [Hill Country Micro-School academics page](https://www.hillcountrymicroschool.com/academics), [Hill Country Micro-School store page](https://www.hillcountrymicroschool.com/store), [Perplexity web search results](https://www.hillcountrymicroschool.com), [Perplexity web search results for reputation/social lookup](https://www.hillcountrymicroschool.com)"
"The Kinder Haus Microschool, New Braunfels TX",The Kinder Haus Microschool,https://www.thekinderhaus.com/p/about.html,"New Braunfels, Texas, and the surrounding area; exact street address not found on the microschool site during this research.","Faith-based non-traditional kindergarten microschool / homeschool hybrid. Students attend class 2 days per week, complete 2 teacher-provided at-home learning days, and can add an optional 5th STEM enrichment day through STEAM Schoolhouse.",Primarily kindergarten for children who will be age 5 or 6 by August 1; optional enrichment day open to Kindergarten through 8th grade.,Small; class size is explicitly limited to 12 students. No total enrollment found.,"Schedule is 2 days in class + 2 at-home learning days, with an optional 5th enrichment day. Tuition was not found on the microschool page in this research.","['No verified social profile found in this research', 'No verified Facebook page found in this research', 'No verified Instagram page found in this research']","Public review volume appears very limited for the microschool itself. The site has parent-facing marketing language and a published program description, but I did not find a meaningful set of third-party reviews specific to this microschool. The strongest visible reputation evidence is the school’s own published positioning and small-class promise.","['Clear hybrid model that fits homeschool-family expectations', 'Very small class size and individualized instruction', 'Teacher-provided at-home materials reduce parent prep burden', 'Faith-based curriculum may resonate with a defined niche', 'Optional STEM enrichment day expands offerings beyond core kindergarten']","['Website appears lightweight and may not surface core conversion details such as tuition, admissions steps, calendar, or contact flow', 'No obvious centralized parent portal or enrollment workflow visible from the public pages', 'Limited public evidence of social proof, third-party reviews, or detailed outcomes', 'Hybrid model likely creates ongoing communication complexity between home and classroom', 'Small team/small size suggests manual admin processes may still be common']","This looks like a strong fit for microschool operations software because the model depends on frequent parent communication, hybrid scheduling, assignment coordination, enrollment management, and calendar updates. A platform that centralizes communication, class management, and family updates would likely reduce manual coordination overhead as the school grows beyond the current 12-student cap.",4,"Medium. The core model and small size are well supported by the school’s about page, but tuition, exact location, and social profiles were not clearly verified from official sources.","[The Kinder Haus Microschool About page](https://www.thekinderhaus.com/p/about.html), [The Kinder Haus Microschool search result](https://www.thekinderhaus.com/p/about.html), [The Kinder Haus Microschool search results](https://www.thekinderhaus.com/p/about.html)"
"The Book Hooks School House, Houston TX",The Book Hooks Schoolhouse,[Book Hooks Schoolhouse](https://bookhooklearning.com),"10609 Grant Road, Building G, Houston, Texas 77070, United States",Christian hybrid microschool / homeschool partnership program,"Official site references elementary, junior high, and high school students; external directory lists Grades 1–12, and a Houston homeschool directory lists Grades 3–8.",Not publicly disclosed; no enrollment count found.,"Two on-site days per week and three individualized at-home days. On-site schedule shown as Mondays/Wednesdays for elementary and junior high, and Tuesdays/Thursdays for junior high and high school, from 9:00 a.m.–3:00 p.m. Tuition is not publicly listed on the pages reviewed.",['No confirmed public social profiles found in the reviewed results.'],"No direct third-party review pages found. Reputation evidence is mostly indirect: the school is listed in a Houston homeschool directory and a local roundup of unconventional schools, but I did not find Yelp/Google/Facebook review pages in the searched results.","['Clear hybrid model for homeschool families', 'Structured daily rhythm with academic blocks, read-aloud, Bible, history, and science', 'Ability-based math/language arts rotations', 'Monthly field trip or social activity opportunities', 'Founder presents strong education credentials and long multi-age experience', 'Tutoring offered after school hours']","['Tuition is not publicly posted, which can slow inquiries', 'No obvious online enrollment workflow found on the reviewed pages; contact form appears to be the main entry point', 'Limited public visibility of class capacity, calendars, or detailed FAQ', 'No confirmed social media presence found in search results', 'Website appears lightweight, suggesting manual communication/enrollment may be possible']","This school looks like a strong fit for microschool operations software because it is a small hybrid program that serves homeschool families, runs on a recurring weekly schedule, and likely needs organized parent communication, scheduling, attendance/class management, and streamlined enrollment as it grows beyond a boutique setup.",4,Medium,"[Book Hooks Schoolhouse homepage](https://bookhooklearning.com), [Book Hooks Schoolhouse about us](https://bookhooklearning.com/about-us), [Book Hooks Schoolhouse contact page](https://bookhooklearning.com/contact-us), [Greater Houston Moms roundup](http://greaterhoustonmoms.com/nine-unconventional-schools-houston/), [Houston Area Homeschool Classes directory](https://houston.areahomeschoolclasses.com/hybrid-homeschool-programs/all-areas/)"
"Launch Academy, Houston TX","Launch Academy, Inc",https://www.launchacademy.info,"5801 New Territory Blvd, Sugar Land, TX 77479","Special education / inclusion microschool for neurodiverse students; individualized and small-group instruction with integrated life, social, and vocational skills support","3rd through 12th grade; elementary (3rd-5th), preparatory/middle (6th-8th), and high school",Small by design; 30 students max with a reported 5:1 student-teacher ratio (FAQ also mentions 3:1),"$22,000 tuition; $2,000 non-refundable deposit; balance paid over 10 months. Standard hours 8:30 a.m. to 3:30 p.m., with extended days Tuesdays and Thursdays until 4:30 p.m.",[],"Limited public review footprint. Yelp shows 3.7 stars from 3 reviews at the Sugar Land location, with two positive reviews praising the school’s support and one negative review claiming disorganization and lack of accreditation. The official site does not show social profiles in the fetched content.","['Clear niche serving neurodiverse and differently abled students', 'Small class sizes and low student-teacher ratios', 'Strong life-skills, vocational, and transition programming', 'Multiple support services including speech, OT, ABA, counseling, and school psychology', 'Structured tuition and schedule for a private-school model']","['No official social media links found on the site', 'Website appears light on enrollment workflow and calendar detail', 'Public review volume is very low', 'Mixed reputation evidence, including at least one criticism of disorganization and accreditation concerns', 'Manual-feeling tuition/allowance/payment details suggest administrative complexity', 'School may already run small enough that operational tools need to be highly simple and integrated']","Launch Academy looks like a strong fit for microschool operations software because it combines family communication, admissions, schedules, small-class management, therapies/support services, and growth from a very small student base. A system that centralizes enrollment, messaging, calendars, student records, and updates could reduce administrative burden and support scaling without losing the individualized experience.",4,"Medium-high: official website and FAQ provide strong operational facts, but social presence and student-size estimates are limited and the Houston/Sugar Land naming is somewhat inconsistent.","[Launch Academy official site](https://www.launchacademy.info), [Launch Academy The Academy](https://www.launchacademy.info/the-academy), [Launch Academy FAQ](https://www.launchacademy.info/in-person-classroom-faq), [Launch Academy About Us](https://www.launchacademy.info/about-us), [Yelp: Launch Academy - Sugar Land](https://www.yelp.com/biz/launch-academy-sugar-land)"
"MCP Academy, Texas hybrid school",MCP Academy,https://www.mcpacademy.org,"Mansfield, Texas; Regency between Broad & Heritage / Heritage/287, with a summer camp form listing 201 Regency Pkwy #121, Mansfield TX 76063","Private microschool and homeschool hybrid; also offers preschool/Pre-K, camps, and enrichment classes",Pre-K 3 through 8th grade; services page also lists ages 3-5 and K-8 options,"More than 50 families, according to a May 2025 Cato feature","Flexible 2-, 3-, 4-, or 5-day options depending on age/grade; school hours 8:30-3:30, office 7:30-4:30. Public tuition is not clearly posted; handbook says tuition is paid in advance via monthly or weekly schedule, with registration fees and late fees.","['Facebook is referenced in the handbook/site, but no public profile URL was captured from the official pages']","Public reputation evidence is limited but generally positive. The school’s own site includes a parent testimonial, and a May 2025 Cato feature describes strong demand, growth, and flexible parent-oriented programming. I did not find a robust third-party review profile in the search results.","['Flexible attendance options for families', 'Project- and unit-based, hands-on learning', 'Strong STEM and enrichment emphasis', 'Small-group and one-on-one support', 'Clear parent communication and safety procedures', 'Play-based early childhood approach', 'Offers camps and adult ECE-related classes']","['Public pricing is not transparent', 'Website does not clearly surface social links or a single contact hub', 'Heavy handbook/policy burden suggests lots of manual administration', 'Attendance, pick-up, and emergency processes appear operationally intensive', 'Enrollment appears dependent on forms, fees, and space availability', 'Communication is split across email, Brightwheel, phone, and website updates']","MCP Academy looks like a strong fit for microschool operations software because it is small enough to benefit from simple workflows but complex enough to need parent messaging, enrollment tracking, schedules, attendance, updates, and growth-friendly administration as it expands beyond 50 families.",4,"Medium-high. Official sources clearly confirm the model, schedule, and location, while size and reputation are supported by a credible third-party feature; social media and tuition details remain partly incomplete.","[MCP Academy homepage](https://www.mcpacademy.org), [MCP Academy services](https://www.mcpacademy.org/services-4), [MCP Academy K-8 handbook](https://www.mcpacademy.org/about-5-2), [MCP Academy Pre-K handbook](https://www.mcpacademy.org/handbook), [Cato Institute feature](https://www.cato.org/blog/friday-feature-mcp-academy), [MCP Academy gallery](https://www.mcpacademy.org/gallery), [MCP Academy camps page](https://www.mcpacademy.org/general-5)"
"Bright Minds Future Leaders, New Caney TX",Bright Minds Future Leaders,https://brightmindsfutureleaders.com,"22893 Antique Lane, New Caney, TX 77357","Private microschool/private elementary school with ability-based, mixed-age learning and personalized instruction",Public sources conflict slightly: Community Impact says K4 through 5th grade; official site suggests K-5/K-8 references but does not clearly publish a definitive grade span.,"Small. Official site says class sizes of 12 or less and a 12:1 max ratio; another page says a maximum of 8 students total for a nearby-area page, so likely a very small school overall.","Tuition is described as affordable/accessible, but no exact price is published. One profile says year-round classes Monday-Thursday, 8:30 AM-3:30 PM, with Fridays for enrichment; the official site/apply page does not clearly publish schedule details.","['[Official website](https://brightmindsfutureleaders.com)', '[About.me profile](https://about.me/futureleaders)']","Public reputation evidence is limited. The school’s own site publishes parent testimonials, and Community Impact covered the opening in New Caney. No strong independent review footprint was found in the quick search, so external reputation signals appear thin.","['Highly personalized learning and small classes', 'Clear differentiation through ability-based, mixed-age instruction', 'Hands-on, real-world, community-connected learning', 'Character development and leadership focus', 'Simple online application flow and direct contact options']","['Tuition and schedule are not clearly published on the official site', 'Grade span is not clearly and consistently stated across sources', 'No obvious public social-media footprint found in search', 'Likely relies on manual enrollment/communication via phone, email, and web form', 'Small-school operations may become harder to manage as enrollment grows']","This school looks like a strong fit for microschool operations software because it is small, parent-facing, enrollment-driven, and built around individualized learning. A platform for parent communication, enrollment tracking, class management, calendars, updates, and teacher coordination would likely reduce manual work and help the school scale without losing its personal model.",4,"Medium. Official website details are solid, but tuition, exact grade span, and independent review evidence are incomplete.","[Bright Minds Future Leaders homepage](https://brightmindsfutureleaders.com), [Bright Minds Future Leaders approach page](https://brightmindsfutureleaders.com/approach), [Bright Minds Future Leaders apply page](https://brightmindsfutureleaders.com/apply), [Community Impact article](https://communityimpact.com/houston/lake-houston-humble-kingwood/education/2024/08/20/bright-minds-future-leaders-to-welcome-students-at-new-caney-location/), [about.me profile](https://about.me/futureleaders)"
"Athena Micro-Academy of Austin, Austin TX",Athena Micro-academy of Austin,[Athena Micro-academy of Austin](https://www.amaustin.org),"South Austin, Austin, TX (exact address not yet posted)","Relationship-centered microschool / hybrid, self-directed learning model with personalized coaching, enrichment, and year-round programming","Grades 6-12 overall; FAQ says 2026-27 will officially serve 6th-11th, with 12th grade considered case-by-case","Likely small: 10-12 students per learning coach; exact enrollment not publicly stated, and the school is launching Fall 2026","Year-round program on a 6/7-weeks-on, 2-weeks-off cycle; after-school program runs 3:30-5:00 pm Mon-Thu; tuition is structured as annual tuition with monthly, semester, or lump-sum payment options, but the publicly fetched page did not expose exact dollar amounts",['[YouTube](https://www.youtube.com/watch?v=FJlz13KIX3g)'],"Very limited public review footprint so far because the school is not yet launched. The official site presents a clear mission and program structure, and a YouTube intro from the founder suggests active outreach. I did not find meaningful student/family reviews for this school itself; most review results were for a different Athena Montessori school in Austin.","['Clear niche for self-directed middle/high schoolers', 'Strong emphasis on personalized support and small-group ratios', 'Year-round structure with built-in breaks and enrichment', 'After-school tutoring and intercession camps add flexibility', 'Founder has deep K-12 leadership experience']","['No exact physical address posted yet', 'Publicly visible tuition details are incomplete or hard to find', 'New launch means likely still building enrollment systems, family communication workflows, and school ops', 'Website appears to rely on multiple separate pages and inquiry steps rather than a streamlined portal', 'Limited public reputation/reviews because the school has not opened yet']","This looks like a strong fit for microschool operations software because the school is small, launch-stage, and explicitly offers hybrid/flexible enrollment, year-round scheduling, after-school options, tutoring, and individualized learning support. Those conditions typically create lots of manual parent communication, scheduling, enrollment tracking, calendar coordination, and progress updates that software can centralize.",5,"Medium-high. Official site and FAQ support most core facts, but tuition and exact address are still incomplete publicly.","[Official website](https://www.amaustin.org), [Program page](https://www.amaustin.org/program), [Admissions page](https://www.amaustin.org/admissions), [FAQ page](https://www.amaustin.org/faqs), [Benefits page](https://www.amaustin.org/benefits), [Meet the Founder](https://www.amaustin.org/meet-the-founder), [Tuition/Pricing](https://www.amaustin.org/tuitionpricing.html), [YouTube introduction](https://www.youtube.com/watch?v=FJlz13KIX3g), [KaiPod Learning listing](https://www.kaipodlearning.com/microschools-near-me/athena-micro-academy-of-austin/)"
