entity,School Name,State,Website,Location,School Type,New/Outdated Signal,School Model,Grades/Ages,Estimated Size,Tuition/Schedule,Social Media,Reputation/Reviews,What They Do Well,Possible Gaps/Pain Points,Software Fit Reason,Priority Score,Confidence,Sources
"Piedmont Forest School, Winston-Salem NC",Piedmont Forest School,NC,https://enrichment.kids/nc/winston-salem/piedmont-forest-school,"Winston-Salem, NC; programs reference Salem Lake Park and future Little Creek Park sites",Private forest school / nature-based microschool,"Current signal: listing updated May 11, 2026 and references Fall 2026 and 2026–2027 plans","Authentic forest school and nature-based education with child-led play, outdoor exploration, and an Agile Learning Center model launching as a licensed private school","Overall programs for ages 0–13; Agile Learning Center full-day program for ages 5–12; also mentions K–8 homeschoolers, K–8 after-schoolers, preschoolers, kindergarteners, and summer campers",Low student-to-teacher ratio of 5:1; exact enrollment not found,"Full-day Agile Learning Center runs 9:30 am–3:30 pm; accepts ESA+ Scholarship funding, with listing noting a base $9,000 annual ESA+ award; exact tuition not found",[],"No formal review volume found in current research. Public listing and descriptions suggest a well-established nature-based program with family tours, ESA+ participation, and a 2026 private-school expansion.","['Strong outdoor and forest-school identity', 'Child-led, whole-child learning approach', 'Serves a wide age range including homeschool and after-school families', 'Low ratio supports individualized attention', 'Nature-based support for neurodivergent learners', 'Has ESA+ vendor status, which may improve affordability']","['Tuition not clearly published', 'No clear official website found in current search', 'Limited visible social proof or review footprint', 'Enrollment capacity and operational scale unclear', 'Schedule and program options may be fragmented across ages and formats']","A School Stack/FieldBook-style system could help manage mixed-age cohorts, attendance across multiple program types, family communications, scholarship/ESA tracking, portfolio-style progress notes, scheduling for outdoor sites, and after-school/summer add-ons. It also appears to need stronger parent-facing enrollment and program clarity.",5,"Medium-high. Core program details are strong from the current listing, but official website, tuition, and social channels were not verified from a primary site.","[Enrichment.Kids listing](https://enrichment.kids/nc/winston-salem/piedmont-forest-school), [Triad Moms on Main directory](https://triadmomsonmain.com/triad-independent-private-schools-directory/), [Piedmont Forest School search results](https://search.brave.com/search?q=%22Piedmont+Forest+School%22+Winston-Salem)"
"The Wild School, Houston TX",The Wild School,TX,Unavailable / could not verify an official site; DNS lookup failed for thewildschoolhouston.com,"Greater Houston, TX (exact street address not verified)",Nature-based microschool / preschool,"Active in recent 2026 discussions and staff LinkedIn activity, but official web presence is hard to verify; no reliable public website found in direct fetch.","Nature-based, outdoor-leaning early childhood program with structured classes; appears family/community-oriented and likely homeschool-friendly rather than a conventional full-day private school.",Structured programs reportedly begin at age 3; exact upper age/grade range not verified.,Small; exact enrollment not publicly verified. Staff footprint on LinkedIn suggests a compact program rather than a large campus.,Not publicly verified. Reddit mention suggests structured programming begins at age 3; no reliable tuition or daily schedule found.,"['LinkedIn-associated staff profiles showing The Wild School in Houston/Greater Houston: [Emily Fernandez](https://www.linkedin.com/in/emily-fernandez-50492a20a), [Viktorya A](https://www.linkedin.com/in/viktoryaavetisyan), [Madison Saenz-galant](https://www.linkedin.com/in/madison-saenz-galant)']","Public reputation signals are limited. A recent Houston Reddit thread mentions The Wild School as an outdoors-oriented option and says structured programs start at 3, but there are no strong review aggregates or official testimonials verified here.","['Outdoor/nature-based learning appeal', 'Likely strong fit for families seeking nontraditional early learning', 'Small-community feel', 'Potentially attractive to homeschool-adjacent families']","['No clearly verifiable official website or public-facing program detail', 'Tuition, schedule, and enrollment capacity are opaque', 'Likely manual family communication and enrollment workflow', 'May need help with parent messaging, attendance, tuition invoicing, inquiry follow-up, and schedule management']","School Stack/FieldBook-style software could centralize lead capture, family communications, enrollment, scheduling, tuition tracking, and program messaging for a small, high-touch nature school that appears to run with limited public infrastructure.",4,Medium-low due to limited official-source visibility and missing public program details.,"[The Wild School Houston staff profiles](https://www.linkedin.com/in/emily-fernandez-50492a20a), [The Wild School Houston staff profiles](https://www.linkedin.com/in/viktoryaavetisyan), [The Wild School Houston staff profiles](https://www.linkedin.com/in/madison-saenz-galant), [Houston Reddit discussion mentioning The Wild School](https://www.reddit.com/r/houston/comments/1te5r1o/daycare_in_heights_for_child_that_loves_being/), [The Wild School website fetch attempt](https://www.thewildschoolhouston.com)"
"The Nature School, Santa Rosa Beach FL",The Nature School,FL,[Fun 4 Emerald Coast Kids homeschool directory](https://fun4emeraldcoastkids.com/Education-Childcare/Homeschool/),"Santa Rosa Beach, Walton County, Florida",Homeschool cooperative / nature-based microschool prospect,"Directory listing is present and was indexed in May 2026, but no official website or current school-owned footprint was found in this pass, so public signals look sparse/outdated.","Homeschool cooperative; nature/outdoor-leaning, family-partnership model implied by the listing.",Not found,Not found,"Four days a week, roughly 8:30-1:3... per directory text; tuition not found.",['Not found'],No school-specific reviews or reputation coverage found in this pass. Public visibility appears limited to a local homeschool directory listing.,"['Outdoor/nature-based positioning', 'Homeschool cooperative structure', 'Midday weekday program that suggests flexibility', 'Likely family-centered, low-touch community model']","['No official website or public admissions info found', 'No clear tuition, age range, or program detail', 'Likely manual enrollment, scheduling, and family communication workflows', 'Limited public proof of size, staffing, or outcomes']","A School Stack / FieldBook-like system could streamline inquiries, enrollment, attendance, family communications, schedules, waivers/documents, and enrichment planning for a small flexible co-op. That is especially useful when the school relies on multiple families, part-time attendance, and outdoor activities.",3,Medium-low,"[Fun 4 Emerald Coast Kids homeschool directory](https://fun4emeraldcoastkids.com/Education-Childcare/Homeschool/), [Fun 4 Emerald Coast Kids search result snippet](https://fun4emeraldcoastkids.com/Education-Childcare/Homeschool/)"
"Renewed Roots Forest School, United States",Renewed Roots Forest School,United States,N/A — no official website reliably found in web search,United States (exact city/state not reliably confirmed from available sources),Forest school / microschool / outdoor learning program,"New or active, but public web presence appears thin and hard to verify; no clear official website surfaced in search results.","Outdoor/nature-based learning with a forest-school orientation; likely small-cohort, hands-on, child-centered program, but official model details were not reliably confirmed from available sources.","Not reliably confirmed; appears to serve early elementary / primary-age children, but exact ages/grades were not found.",Likely small microschool or small-group program; no public enrollment size found.,Not publicly confirmed in accessible sources.,['No verified social profiles reliably confirmed from available sources'],"No substantial public review footprint was found in current search results, so reputation is difficult to assess from open-web sources.","['Outdoor/nature-based learning positioning', 'Potentially strong fit for families wanting flexible, child-led experiences', 'Likely attractive to parents seeking a low-screen, hands-on environment']","['Public information gap: unclear website, location, tuition, and schedule', 'Likely relies on direct inquiry for admissions and family fit screening', 'May need better systems for inquiries, enrollment, billing, attendance, and family communication if operating as a microschool']","School Stack/FieldBook-like software could help centralize admissions, family records, scheduling, tuition collection, and communication for a small nature-based school with flexible enrollment and part-time or drop-in attendance patterns.",4,Low to medium: the school appears real but I could not verify core details from authoritative public sources in this pass.,No reliable public sources verified in this pass
"The Garden School, Marietta GA",The Garden School of Marietta,GA,[Private School Review profile](https://www.privateschoolreview.com/the-garden-school-of-marietta-profile),"4010 Canton Rd, Marietta, GA 30066",Private alternative school,"Appears active in 2026; current profile and recent listings are live, but the official school site was not reliably confirmed from the fetched web output.","Nature-immersive, holistic alternative school with a Rudolf Steiner/Waldorf-like 'head, heart, hands' philosophy and outdoor/nature-centered learning.",Nursery/Preschool through Grade 6,Average class size about 12 students; total enrollment not clearly published.,"Approx. $11,625 annual tuition; kindergarten has multiple enrollment options and tuition variants; application deadline Feb. 28.",[],"Public reputation is limited in the available sources, but the school is presented as a distinctive alternative program with a current profile, a 14-acre campus, and 32% financial aid on Private School Review. No robust third-party review corpus was surfaced in this pass.","['Outdoor and nature-based learning', 'Small class size', 'Holistic whole-child approach', 'Mixed-age/elementary alternative program', 'Financial aid availability']","['Likely needs stronger family communication workflows', 'May rely on manual enrollment and tuition coordination', 'Possible need to manage multi-option kindergarten scheduling', 'Could benefit from better program tracking for outdoor days, enrichment, and family participation', 'Official web presence and social links were not clearly surfaced in this pass']","A School Stack/FieldBook-style system could help centralize admissions, family communication, attendance, tuition plans, enrichment scheduling, and documentation for a small, flexible, nature-based program with multiple enrollment options.",4,"Medium. Core school facts are supported by a current private-school listing, but the official Marietta website/social presence was not confirmed from accessible official-source outputs.","[Private School Review profile](https://www.privateschoolreview.com/the-garden-school-of-marietta-profile), [Private School Review Marietta schools listing](https://www.privateschoolreview.com/georgia/marietta), [Zillow school listing](https://www.zillow.com/schools/323271/the-garden-school/8_p/), [Web search results](https://www.google.com/search?q=The+Garden+School+of+Marietta+4010+Canton+Rd)"
"The Discovery School, Pittsburgh PA",The Discovery School,PA,[Discovery School](https://www.discoveryschoolexplorers.net),"Pittsburgh, Pennsylvania (not clearly stated on the accessible homepage content)",Private school / microschool-like school (limited public detail),"Potentially outdated or underdeveloped web presence: the homepage is sparse, repetitive, and does not clearly show current operational details.","Mission-driven, student-centered school; public site does not clearly spell out pedagogy, but language suggests individualized, exploratory learning.",Not clearly stated on the accessible site content.,Unknown; no enrollment size disclosed publicly on the accessible homepage.,"Not publicly stated on the accessible site content; calendar fragments show full-day school days and student days off, but no tuition or detailed schedule.",['Not found on accessible public site content'],No usable third-party review profile surfaced in the searches; public reputation is difficult to verify from available sources.,"['Mission language emphasizes exploration and personal/academic growth.', 'Public-facing site at least signals an active school identity.', 'Could support families seeking a smaller, more personalized environment if the school is indeed operating as described.']","['Public website lacks key prospecting details such as ages, grades, tuition, and schedule.', 'Little visible evidence of social media or review presence.', 'Sparse web presence may make enrollment and family communication harder.', 'Likely needs better inquiry capture, admissions workflow, and family communication tooling.']","School Stack/FieldBook-like software could help centralize admissions, inquiry follow-up, family messaging, calendar/schedule management, and day-to-day operations for a small school with limited public information and likely lean admin capacity.",3,"Low to medium. The school identity appears real, but public details are sparse and some information could not be verified from accessible sources.","[Discovery School homepage](https://www.discoveryschoolexplorers.net), [Discovery School homepage extracted details](https://www.discoveryschoolexplorers.net)"
"Groton Farm School, Groton MA",Groton Farm School,MA,[Groton Farm School](https://grotonfarmschool.org),"Groton, MA; located at Luina Greine Farm on a 20-acre working farm",Private nature-based farm school / private elementary microschool,"Newer, contemporary microschool-style program with current admissions pages and 2026-2027 tuition published; no obvious outdated signal found","Nature-based, multi-age, hands-on microschool with outdoor classrooms, mixed-age learning, and support for neurodivergent learners",Ages 4-11; preschool through 5th grade,Small / smaller learning environment; exact enrollment not publicly stated,"Age 4: 5 full days $16,500 or 3 full days $10,000; Ages 5-11: $16,500; $250 application/registration fee and $250 materials fee; school year runs September through June; monthly plan $1,650 for 10 payments",['Not clearly listed on official pages'],"Strong parent-testimonial language on the official site describes happy children, academic and social growth, small-community support, and outdoor learning benefits; no clear third-party review profile was found in this pass.","['Deep outdoor/farm-based learning', 'Multi-age, child-centered classroom model', 'Hands-on academics across subjects', 'Supportive environment for neurodivergent learners', 'Small-cohort feel with parent-friendly admissions and schedule options']","['Likely manual-heavy admissions and family communication workflows', 'No obvious public software/portal experience visible', 'May need better tools for billing, attendance, family updates, scheduling, and portfolio/documentation', 'Limited transparency on enrollment size and social proof outside the website']","A School Stack/FieldBook-like product could help manage inquiries, tours, admissions, tuition plans, attendance, family messaging, student portfolios, and flexible scheduling—especially for a small, nature-based program with mixed ages and part-time options.",4,"Medium-high. Official site coverage is strong for model, ages, and tuition, but size, social media, and independent reviews are limited.","[Groton Farm School home](https://grotonfarmschool.org), [Groton Farm School admissions](https://grotonfarmschool.org/admissions), [Groton Farm School about](https://grotonfarmschool.org/about)"
"Sky Island School, Arizona",Sky Island School,Arizona,Not verified / no official website found,Arizona (exact city/location not verified),Private microschool / small-school model (unverified),Insufficient evidence; no clear current official web presence located in this pass,Unverified; appears to be a small-school / microschool-style name but I could not confirm the program model from primary sources,Not verified,Not verified,Not verified,['Not verified'],Insufficient evidence found to assess reviews or reputation from authoritative sources.,['Could not verify from primary sources'],"['No clearly discoverable official site or current public footprint in this research pass', 'Missing basic public details such as tuition, grades, and schedule', 'Hard to evaluate fit without a stronger digital presence']","If this is an active microschool, School Stack/FieldBook-like software could help centralize admissions, family communication, scheduling, attendance, enrichment, and caregiver coordination for a small, flexible program; however, I could not verify enough public information to make a stronger fit assessment.",2,Low,"[Select Education official website](https://selectedaz.com) (used only to rule out a false match; not Sky Island School), [GreatSchools Arizona directory](https://www.greatschools.org/arizona/), [GreatSchools Tucson results](https://www.greatschools.org/arizona/tucson/), [Search results for Sky Island School](https://www.google.com/search?q=%22Sky+Island+School%22+Arizona)"
"Notchcliff Nature Programs Homeschool in the Forest, Maryland",Notchcliff Nature Programs,Maryland,[Notchcliff Nature Programs](https://www.naturalcommunity.org),"Glen Arm, Maryland; partnered with Glen Meadows Retirement Community at 11630 Glen Arm Rd, Glen Arm, MD 21057",Outdoor nature-based early childhood / forest school program,Current/active signal: recent 2026 event listing and live website content mention ongoing programs and events.,"100% outdoor, seasonal nature-based learning; forest school / family programs; nonprofit learning lab for Association for Nature-Based Education; place-based partnership with Glen Meadows Retirement Community.","Not clearly stated on the main site; public event page references children up to age 10, and the site title references Notchcliff Forest Preschool.",Small / not publicly stated; no enrollment count found.,Not publicly stated on the main site; events use registration and mixed pricing (example event listed from $5 to $30). Programs run in every season.,['No social links surfaced in the official site extract.'],"Public review footprint is thin in the sources reviewed; no strong review profile surfaced, so reputation signal is limited and somewhat opaque.","['Deep outdoor immersion in every season', 'Strong nature-connection / whole-child positioning', 'Family-friendly community events', 'Nonprofit-backed mission and partnership with Glen Meadows', 'Place-based learning environment with expansive natural habitats']","['Pricing and schedule are not easy to find publicly', 'Ages/program structure are not clearly spelled out', 'Likely limited admin automation if offerings are run as events/programs rather than a full school', 'Potential need for better inquiry-to-enrollment tracking and parent communication', 'No obvious review/reputation assets surfaced']","School Stack/FieldBook-like software could help centralize inquiries, registrations, waivers, family communication, schedule management, and program history for a small outdoor school with mixed offerings and seasonal events—especially where details are spread across pages and event listings instead of one parent portal.",4,"Medium. The official website confirms the model and location, but ages, tuition, size, and review reputation are not well documented publicly.","[Official site](https://www.naturalcommunity.org), [Earth Day Fairy Fest event page](https://www.naturalcommunity.org/event-details/earth-day-fairy-fest-2026)"
"Red Oak Community School, Columbus OH",Red Oak Community School,Ohio,[Red Oak Community School](https://redoakcommunityschool.org),"Columbus, Ohio (urban; exact address not stated on the site)",Private elementary microschool / nature-immersion school,"Looks active but the website content is very sparse; no dated updates, address, tuition, or enrollment details were visible in the provided site content.","Urban, nature-immersion elementary school with a balanced rhythm of academic time, social time, educator-led time, student-structured time, indoor time, outdoor time, social-emotional learning, and social justice learning. The site says the school partners with families to create a rich, dynamic whole-child experience ([Red Oak Community School](https://redoakcommunityschool.org)).",Elementary school; exact grades/ages not stated on the provided site content ([Red Oak Community School](https://redoakcommunityschool.org)).,Not stated publicly in the available site content.,Not stated publicly in the available site content.,[],No usable public review or social presence was surfaced in the available search results; I did not find a clear third-party review profile for the school during this pass.,"['Nature-immersion positioning', 'Whole-child framing', 'Balanced indoor/outdoor learning rhythm', 'Social-emotional learning emphasis', 'Family partnership language']","['Website lacks basic operational details such as address, grades, tuition, and schedule', 'No visible social media or review footprint in the available results', 'Likely needs more enrollment-facing content and parent-communication infrastructure', 'May need help organizing flexible programming, family engagement, and program details in one place']","A School Stack/FieldBook-like system could help centralize admissions, family communication, schedules, attendance, outdoor-program logistics, student notes, and enrichment planning for a small, flexible microschool that appears to emphasize whole-child learning and family partnership.",3,"Medium-low. The official website is clear on philosophy but sparse on operational details, and I did not find strong third-party corroboration for size, tuition, or reviews.","[Red Oak Community School](https://redoakcommunityschool.org), [GreatSchools Columbus overview](https://www.greatschools.org/ohio/columbus/), [GreatSchools Ohio schools](https://www.greatschools.org/ohio/)"
"Desert Sun Ranch Academy, Arizona",Desert Sun Ranch Academy,Arizona,https://desertsunranchacademy.org,Not stated on the official website; appears to be in Arizona.,Private microschool / special-needs nature-based school,New-signal: official website published July 2024; limited public footprint beyond the site.,"Provides comprehensive education plus adjunctive support and therapy for children with special needs, with an emphasis on nature-based learning.",Grades 1-5,Not publicly stated; likely small/early-stage based on limited digital footprint.,Not publicly stated on the official site.,[],No meaningful public review profile found in the searched sources; public reputation is currently hard to assess.,"['Nature-based learning focus', 'Special-needs-oriented support and therapy', 'Clear elementary-grade niche (1st-5th)', 'Values-based messaging around believing in each child']","['No public location, tuition, or schedule details on the website', 'No visible social media footprint found', 'No publicly visible enrollment, admissions, or calendar information', 'Likely manual family communications and intake coordination needs', 'Likely limited operational staff/resources if early stage']","A School Stack/FieldBook-style system could help manage student/family profiles, therapy or support plans, scheduling, attendance, communication, and enrollment workflows in one place, which would reduce admin load for a small, specialized school.",4,"Medium-low: official site confirms the mission and grades, but location, size, tuition, and reputation are sparse or unavailable.","[Desert Sun Ranch Academy official website](https://desertsunranchacademy.org), [Desert Sun Ranch Academy site summary](https://desertsunranchacademy.org)"
"Murray Nature School Episcopal Day School, Augusta GA",Murray Nature School Episcopal Day School,Georgia,Unavailable / could not verify official site from accessible sources,"Augusta, Georgia","Private, outdoor/nature-based microschool or program (unverified)",Outdated or hard-to-verify web footprint; official site did not resolve and search results were sparse,"Likely nature-based, child-centered private school aligned with outdoor learning; exact pedagogical model could not be fully verified from accessible sources",Unverified; likely early childhood / elementary age band based on name and Sage Field similarity,"Likely small / microschool-scale, but no reliable public enrollment figure found",Not publicly verified from accessible sources,[],No reliable public reviews or reputation signals were found in the accessible search results; insufficient evidence to judge reputation confidently,"['Outdoor or nature-centered learning fit', 'Likely small-cohort, relationship-based environment', 'Potentially appealing to families seeking alternative education']","['Limited public information or discoverability', 'Unclear admissions, tuition, and schedule details', 'Likely manual-heavy family communication and enrollment workflows', 'May need better parent onboarding, attendance, billing, and program scheduling tools']","A School Stack/FieldBook-style system could help centralize inquiries, family records, scheduling, attendance, tuition, enrichment, and communication for a small, flexible program with mixed-age or outdoor programming.",3,Low to medium; official-source verification was limited and several core fields remain uncertain,"[Murray Nature School website](https://murraynatureschool.org), [Search results for Murray Nature School](https://www.google.com/search?q=Murray+Nature+School+Augusta+GA), [Search results for Episcopal Day School Augusta GA](https://www.google.com/search?q=Episcopal+Day+School+Augusta+GA)"
"The Forest School An Acton Academy, Fayetteville GA",The Forest School: An Acton Academy,GA,[The Forest School](https://www.theforest.school),"155 Shepperton Way, Fayetteville, GA 30214",Alternative private school / Acton Academy microschool-style network school,Launched in Fall 2018; appears active and currently listed in 2026 directory results,Acton Academy-style self-directed learning community with a strong flourishing-child philosophy; networked independent school with studio-based learning,Private School Review lists PK-12; official homepage does not specify ages/grades,About 164 students (Private School Review estimate),"Private School Review lists tuition at about $12,900/year, with half-day 3- and 4-year-old Spark tuition at $7,500 and online studio tuition at $11,805; rolling admissions; official site does not list schedule details","['[Facebook](https://www.facebook.com/)', '[Instagram](https://www.instagram.com/)', '[YouTube](https://www.youtube.com/)']","Private School Review shows mostly positive family comments about life-changing community, self-paced learning, care from guides, and improved time management; no strong negative reputation signal surfaced in current search results","['Clear mission around flourishing, purpose, connection, and nature', 'Self-directed / mastery-oriented learning aligned to Acton Academy', 'Family-and-staff community framing', 'Likely appeals to families seeking less traditional, more flexible education', 'Offers PK-12 continuity per directory data']","['Official website homepage does not clearly surface tuition, schedule, hours, aftercare, or summer program details', 'Age/grade offerings are not clearly stated on the official homepage', 'May need stronger parent communication and enrollment workflow if growth is steady', 'Likely benefits from tools to manage cohorts, family communications, enrollment, and scheduling across studios and online offerings']","A School Stack/FieldBook-like platform could help them centralize admissions, family communication, attendance, studio scheduling, forms, and program visibility across a mixed in-person/online model, especially since core operational details are not prominently organized on the public site.",4,Medium,"[The Forest School homepage](https://www.theforest.school), [Private School Review profile](https://www.privateschoolreview.com/the-forest-school-an-acton-academy-profile), [Georgia alternative private schools list](https://www.privateschoolreview.com/georgia/alternative-private-schools/elementary)"
Wonder Garden Earth homeschool nature curriculum community,Wonder Garden Earth,,"Unavailable / not publicly resolved (attempted https://wondergardenearth.com, DNS failed)",Not found in public sources,Homeschool nature curriculum community (unverified),"No reliable public footprint found; may be new, private, or not indexed","Appears to be a homeschool/nature curriculum community, but the official model could not be verified from accessible sources",Not found,Not found,Not found,[],No trustworthy reviews or reputation signals found in public search results.,"['Likely positioned around homeschool-friendly nature learning', 'Likely aligned with outdoor, hands-on, family-centered education']","['No clear public website or contact path', 'No publicly visible tuition, schedule, or enrollment details', 'No identifiable social presence or reviews', 'Likely needs better discovery and lead capture infrastructure if it is an active program']","If this is an active homeschool nature community, School Stack/FieldBook-like software could help with family onboarding, cohort scheduling, attendance, communications, registrations, payments, and organizing outdoor/project-based learning logistics.",2,Low,"[Wonder Garden Earth website fetch attempt](https://wondergardenearth.com), [Web search results for Wonder Garden Earth](https://www.google.com/search?q=Wonder+Garden+Earth+homeschool+nature+curriculum+community)"
"Spring River School Forest School, Jacksonville FL",Spring River School,FL,https://www.springriverschool.org,"West Atlantic Beach / Atlantic Beach, Jacksonville area, Florida",Private homeschool-hybrid microschool / forest school,Appears active and current; homepage references 2026-27 high school plans and current program offerings.,"Waldorf-inspired, experiential, arts-infused homeschool hybrid with an all-outdoor grades program, homeschool enrichment, forest school nature immersion, and a high school track.",K-12 overall; K-8 all-outdoor grades program; 1-6 homeschool enrichment; K-5 forest school on Wednesdays; middle school on Thursdays; K-8 Fridays; 9-12 high school; kindergarten has a 2-day option.,Small cohorts; no exact enrollment found. Class size capped at no more than 18 students per class.,"Tuition not listed publicly. Schedule includes Mon-Thu all-outdoor K-8, Mon-Tue enrichment 9 am-2 pm, Wed K-5 forest school, Thu middle school, Fri K-8 forest school, with programs starting after Labor Day and ending in early May.",['[Spring River School on Facebook](https://www.facebook.com/springriverschool/posts/the-eighth-grade-journey-is-more-than-a-class-trip-it-is-a-meaningful-rite-of-pa/1795165195258016/)'],"Public review volume is limited in the sources found. The school presents itself as a warm, joy-centered homeschool community, and a recent Facebook post suggests active community programming, but I did not find robust third-party review coverage.","['Outdoor and nature-based learning', 'Waldorf-inspired creative academics', 'Mixed-age, small-cohort instruction', 'Flexible homeschool-friendly scheduling', 'Hands-on experiential programming', 'Family-centered, high-trust culture']","['Tuition and pricing are not transparent on the public site', 'No clearly stated address or campus location on the contact page', 'Limited public review footprint makes reputation harder to verify', 'Likely heavy reliance on manual family communications, attendance, scheduling, and program coordination across multiple tracks']","A School Stack/FieldBook-like system could help them manage inquiry-to-enrollment workflows, multi-track scheduling, attendance, family communication, class rosters, billing, and program-specific calendar flexibility across outdoor, enrichment, and high school offerings.",5,"Medium-high. Official website details are strong, but tuition, exact size, and independent reviews were limited.","[Spring River School homepage](https://www.springriverschool.org), [Spring River School contact page](https://www.springriverschool.org/contact), [Spring River School Facebook post](https://www.facebook.com/springriverschool/posts/the-eighth-grade-journey-is-more-than-a-class-trip-it-is-a-meaningful-rite-of-pa/1795165195258016/), [Niche Jacksonville area schools context](https://www.niche.com/k12/search/best-schools/m/jacksonville-area/), [Jacksonville country day school Yelp comparison context](https://www.yelp.com/biz/jacksonville-country-day-school-jacksonville)"
"Colorado Nature School, Colorado",Nature School Cooperative,Colorado,[Nature School Cooperative](https://www.natureschoolcooperative.org),"SE Denver and SW Aurora along the Cherry Creek, Colorado",Outdoor nature-based preschool / forest school cooperative,"Looks current and active: the site is live, includes 2026-published content, and describes ongoing summer and full-year programs.","Outdoor nature-based, forest-school pedagogy, learner-led and play-based, teacher-owned cooperative, public benefit company; also contracts forest school sessions to other schools.",Mixed ages 3-6 years old; forest school sessions for grades 1-8,Not disclosed publicly; appears small by design based on cooperative preschool model,Pay-What-You-Can culture; aiming toward tuition-free; seasonal 'SEASONS' programming plus summer programs and full school-year programs. Specific daily schedule not publicly listed.,['[#NatureSchoolCooperative](https://www.natureschoolcooperative.org)'],"The school site features positive community testimonial language, but I did not find strong third-party review volume in the time available.","['Strong outdoor/nature-based identity', 'Clear learner-led, play-based philosophy', 'Family-accessible tuition philosophy', 'Mixed-age early childhood program', 'Has both seasonal and full-year offerings', 'Extends model via forest school sessions for older grades']","['Exact tuition and schedule are not clearly published', 'Location details are broad rather than specific on the main page', 'No clear enrollment size or capacity data', 'Limited visible third-party review footprint', 'Likely needs stronger operational coordination for seasonal programming, family communication, and enrollment logistics']","A School Stack / FieldBook-style system could help manage inquiry-to-enrollment, seasonal cohorts, pay-what-you-can billing, attendance, family communications, scheduling, consent forms, and program coordination across preschool and contracted forest-school sessions.",4,"Medium-high. Official site evidence is solid, but public detail on tuition, size, and third-party reviews is limited.","[Nature School Cooperative home](https://www.natureschoolcooperative.org), [Nature School Cooperative programs](https://www.natureschoolcooperative.org/programs)"
"Bluff Lake Nature Center Outdoor Homeschool Enrichment, Denver CO",Bluff Lake Nature Center,CO,https://blufflake.org,"Denver, CO",Nonprofit nature center / outdoor education program,"Current signals on site include a 2024 Impact Report and a Fall 2025 Program Calendar, but no dedicated Outdoor Homeschool Enrichment page was found in accessible content.","Urban wildlife refuge and outdoor classroom offering scheduled programs, events, and nature-based community education",Not stated publicly in accessible sources,Not publicly stated; the site says it is Denver’s largest open space managed as native habitat and receives tens of thousands of visitors annually.,Free public event mentioned; Fall 2025 Program Calendar available; no homeschool-specific tuition or schedule found in accessible sources.,"['[Bluff Lake Nature Center](https://blufflake.org) (site says “Follow our journey,” but no platform URL was visible in accessible content)']","Official site presents the organization as Denver’s only nonprofit nature center and highlights community support, but I did not find reliable public review pages or review counts in accessible sources.","['Outdoor classroom and nature-based learning environment', 'Strong conservation and habitat mission', 'Community programming and free public events', 'Equity in outdoor access', 'Family-friendly education and engagement']","['No clear homeschool-enrichment landing page found in accessible content', 'Ages, cohort structure, and scheduling details are not clearly published on the homepage', 'Tuition/pricing transparency is limited', 'No visible social links or review signals from accessible content']","A School Stack/FieldBook-like system could help them manage family registrations, recurring homeschool cohorts, attendance, communication, program calendars, waivers, and payment/registration workflows for outdoor classes and events.",3,Medium,[Bluff Lake Nature Center](https://blufflake.org)
